patient_index,rolling_ccc
1,
2,
3,0.927905
4,0.896128
5,0.901721
6,0.898489
7,0.887346
8,0.883292
9,0.874598
10,0.893481
